{
    "Version": "2012-10-17",
    "Statement": [
        {
            "Effect": "Allow",
            "Action": [
                "ec2:DescribeAccountAttributes",
                "s3:ListBucket",
                "ec2:DescribeKeyPairs",
                "ec2:DescribeVpcs",
                "ec2:DescribeManagedPrefixLists",
                "ec2:DescribeSecurityGroups",
                "ec2:DescribeImages",
                "iam:GetRole",
                "ec2:DescribeVpcAttribute",
                "ec2:GetManagedPrefixListEntries",
                "s3:GetBucketWebsite",
                "iam:ListRolePolicies",
                "s3:GetObject",
                "s3:GetObjectVersion",
                "ec2:DescribeRouteTables",
                "iam:GetRolePolicy",
                "s3:GetObjectTagging",
                "iam:ListAttachedRolePolicies",
                "iam:GetInstanceProfile",
                "ec2:DescribeInstances",
                "ec2:DescribeInstanceAttribute",
                "ec2:DescribeVolumes",
                "ec2:DescribeInstanceCreditSpecifications",
                "ec2:ModifyInstanceAttribute",
                "ec2:TerminateInstances",
                "s3:PutObject",
                "ec2:RunInstances",
                "iam:PassRole",
                "ec2:CreateTags",
                "ec2:MonitorInstances"
            ],
            "Resource": "*"
        }
    ]
}